Top pages,Clicks,Impressions,CTR,Position
https://makerlab.academy/,447,12786,3.5%,10.39
http://makerlab.academy/,247,10847,2.28%,6.88
https://www.makerlab.academy/,130,6969,1.87%,10.47
https://makerlab.academy/formation-robotique-enseignants-casablanca,40,921,4.34%,7.03
https://www.makerlab.academy/stages-vacances,24,563,4.26%,5.75
https://www.makerlab.academy/build-and-fly-drone-workshop,19,604,3.15%,10.53
https://makerlab.academy/summer-camps-casablanca,9,283,3.18%,12.49
https://www.makerlab.academy/les-summer-camps-de-robotique-a-casablanca-ete-2024,8,787,1.02%,34.66
https://www.makerlab.academy/experience-it,6,644,0.93%,7.6
https://www.makerlab.academy/summer-camps,6,479,1.25%,11.89
https://makerlab.academy/cours-de-codage-enfants-maroc,6,216,2.78%,9.1
https://makerlab.academy/make-go-robotique-enfants-casablanca-,5,268,1.87%,5.85
https://makerlab.academy/ateliers-robotique-enfants,5,239,2.09%,7.51
https://makerlab.academy/robotique-enfants-casablanca,4,176,2.27%,9.11
https://makerlab.academy/club-robotique-casablanca-pourquoi-nos-membres-inventent-leurs-robots-pas-seulement-les-assemblent-copy,4,109,3.67%,7.92
https://www.makerlab.academy/sky-explorer-dominez-les-cieux-avec-les-drones-,4,32,12.5%,21.97
https://www.makerlab.academy/landing1,3,200,1.5%,5.12
https://www.makerlab.academy/camp-vacances-dhiver-2025,3,188,1.6%,24.92
https://makerlab.academy/make-and-go-copy,3,173,1.73%,7.68
https://makerlab.academy/cours-robotique-maroc,3,166,1.81%,21.58
https://www.makerlab.academy/camp-vacances-de-noel-2024,3,74,4.05%,13.7
https://makerlab.academy/votre-enfant-devient-createur-pas-simple-assembleur-decouvrez-les-cours-de-robotique-casablanca,2,253,0.79%,13.6
https://teacher.makerlab.academy/,2,104,1.92%,6.7
https://www.makerlab.academy/blog,1,220,0.45%,20.21
https://www.makerlab.academy/services1,1,133,0.75%,47.29
https://makerlab.academy/make-and-go-or-ateliers-tech-express-a-casablanca-,1,116,0.86%,7.86
https://join.makerlab.academy/,1,91,1.1%,5.73
https://makerlab.academy/sky-explorer-dominez-les-cieux-avec-les-drones-,1,76,1.32%,15.88
https://makerlab.academy/make-and-go,1,59,1.69%,5.88
https://www.makerlab.academy/stages-vacances-de-robotique-a-casablanca-2024-makerlab-academy,1,43,2.33%,6.09
https://makerlab.academy/atelier-robotique-casablanca-passion-avenir,1,42,2.38%,11.6
https://makerlab.academy/services5,1,10,10%,11.2
https://makerlab.academy/pourquoi-les-camps-de-robotique-de-makerlab-academy-sont-si-importants-pour-vos-enfants-,0,182,0%,41.96
https://makerlab.academy/oubliez-les-kits-et-les-legos-voici-comment-votre-enfant-devient-un-veritable-ingenieur-createur,0,76,0%,39.68
https://makerlab.academy/a-propos,0,60,0%,3.72
https://www.makerlab.academy/terms-and-conditions,0,44,0%,5.39
https://makerlab.academy/page,0,31,0%,6.87
https://makerlab.academy/nos-parcours,0,26,0%,4.92
https://makerlab.academy/oubliez-les-kits-et-les-legos-voici-comment-votre-enfant-devient-un-veritable-ingenieur-createur-copy,0,25,0%,31.64
https://makerlab.academy/online-store,0,24,0%,5.12
https://makerlab.academy/program-template,0,23,0%,4.96
https://www.makerlab.academy/about,0,18,0%,4.72
https://makerlab.academy/formation-robotique-enseignant,0,13,0%,6.54
https://makerlab.academy/services4,0,9,0%,5.56
https://www.makerlab.academy/about-makerlab,0,9,0%,11.11
https://www.makerlab.academy/stage-vacances-pour-les-enfants-pendant-lete-2024-a-casablanca,0,6,0%,5.83
https://www.makerlab.academy/summer-camps-casablanca,0,5,0%,3.8
https://www.makerlab.academy/stemquest-program,0,5,0%,6
https://www.makerlab.academy/services3,0,5,0%,20.8
https://www.makerlab.academy/bac-tech-portfolio,0,3,0%,9
https://teacher.makerlab.academy/admin,0,2,0%,2.5
https://www.makerlab.academy/atelier-decouverte-gratuit-,0,2,0%,3
https://www.makerlab.academy/template,0,1,0%,1
https://www.makerlab.academy/robot-engineer,0,1,0%,6
https://www.makerlab.academy/anniversaire-tech-experience,0,1,0%,9